{
  "TargetIDs": [
    "Rescue_MinorInfraction",
    "CaptureBase_ThisWarOfMine",
    "CaptureBase_YearningToBreatheFree",
    "Assassinate_RecruitmentDrive",
    "DestroyBase_CeaseAndDesist",
    "Assassinate_KillerInstinct",
    "AttackDefend_Berzerk",
    "DestroyBase_DragonsLair",
    "DestroyBase_DragonsLair_Alt",
    "DestroyBase_Tempest",
    "DestroyBase_TimeCrisis",
    "DestroyBase_TotalCarnage",
    "SimpleBattle_AlienStorm",
    "SimpleBattle_BattleZone",
    "SimpleBattle_OperationTiger",
    "SimpleBattle_OperationWolf",
    "SimpleBattle_Scramble",
    "ThreeWayBattle_CrisisZone",
    "ThreeWayBattle_FatalFury",
    "ThreeWayBattle_InvaderWars",
    "ThreeWayBattle_Liberator",
    "ThreeWayBattle_MetalClash",
    "ThreeWayBattle_Rampage",
    "ThreeWayBattle_RollingThunder",
    "ThreeWayBattle_ZeroHour",
    "Rescue_EmbassyExtractionClan",
    "Rescue_LostContactClan",
    "ThreeWayBattle_TagTeam",
    "ThreeWayBattle_TagTeam_Alt"
  ],
  "Instructions": [
    {
      "JSONPath": "$.weight",
      "Action": "Replace",
      "Value": 2
    }
  ]
}