{
	"Story": {
		"StartingReputation": 0,
		"LoathedReputation": -80,
		"HatedReputation": -40,
		"DislikedReputation": -20,
		"LikedReputation": 20,
		"FriendlyReputation": 40,
		"HonoredReputation": 80,
		"MaxReputation": 100,
		"AllyReputationThreshold": 100,
		"BreakAllianceReputationChange": -50,
		"LoathedMaxContractDifficulty": 10,
		"HatedMaxContractDifficulty": 10,
		"DislikedMaxContractDifficulty": 10,
		"IndifferentMaxContractDifficulty": 10,
		"LikedMaxContractDifficulty": 10,
		"FriendlyMaxContractDifficulty": 10,
		"HonoredMaxContractDifficulty": 10,
		"LoathedRepPaymentAdjustment": -0.95,
		"HatedRepPaymentAdjustment": -0.90,
		"DislikedRepPaymentAdjustment": -0.80,
		"IndifferentRepPaymentAdjustment": 0,
		"LikedRepPaymentAdjustment": 0.1,
		"FriendlyRepPaymentAdjustment": 0.15,
		"HonoredRepPaymentAdjustment": 0.20,
		"HatedRepShopAdjustment": 0.75,
		"DislikedRepShopAdjustment": 0.5,
		"IndifferentRepShopAdjustment": 0.25,
		"LikedRepShopAdjustment": 0,
		"FriendlyRepShopAdjustment": -0.05,
		"HonoredRepShopAdjustment": -0.1
	},
	"CareerMode": {
		"LoathedMaxContractDifficulty": 10,
		"HatedMaxContractDifficulty": 10,
		"DislikedMaxContractDifficulty": 10,
		"IndifferentMaxContractDifficulty": 10,
		"LikedMaxContractDifficulty": 10,
		"FriendlyMaxContractDifficulty": 10,
		"HonoredMaxContractDifficulty": 10,
		"LoathedRepPaymentAdjustment": -0.95,
		"HatedRepPaymentAdjustment": -0.90,
		"DislikedRepPaymentAdjustment": -0.80,
		"IndifferentRepPaymentAdjustment": 0,
		"LikedRepPaymentAdjustment": 0.1,
		"FriendlyRepPaymentAdjustment": 0.15,
		"HonoredRepPaymentAdjustment": 0.20,
		"HatedRepShopAdjustment": 0.75,
		"DislikedRepShopAdjustment": 0.5,
		"IndifferentRepShopAdjustment": 0.25,
		"LikedRepShopAdjustment": 0,
		"FriendlyRepShopAdjustment": -0.05,
		"HonoredRepShopAdjustment": -0.1
	}
}