{
    "Name": "AlternativeReputation",
    "Enabled": true,
    "Version": "0.2",
    "Description": "AlternativeReputation changes how the reputation system works, so that reputation matters more for payment, but missions can't be denied based for reputational reasons. Instead they can be done ProBono",
    "Author": "Edmon",
    "Website": "www.youtube.com/TheEdmon",
    "Contact": "",
    "DependsOn": [],
    "OptionallyDependsOn": [
        "BT_Extended"
    ],
    "ConflictsWith": [],
    "Manifest": []
}