{
    "Description" : {
        "Cost" : 0,
        "Rarity" : 1,
        "Purchasable" : false,
        "Manufacturer" : "null",
        "Model" : "null",
        "UIName" : "null",
        "Id" : "heraldrydef_theSwarm",
        "Name" : "The Swarm",
        "Details" : "This is the heraldry def for the swarm",
        "Icon" : ""
    },
    "textureLogoID" : "uixTxrLogo_NoFaction",
    "primaryMechColorID" : "Orange_04",
    "secondaryMechColorID" : "Orange_02",
    "tertiaryMechColorID" : "Orange_01"
}