{
    "ID" : "Assassinate_TheSwarm_D5",
    "contractName" : "Harvest Flies",
    "contractDisplayStyle" : "BaseCampaignNormal",
    "difficulty" : 7,
    "difficultyUIModifier" : 0,
    "weight" : 1,
    "scope" : "STANDARD",
    "finalDifficulty" : 0,
    "representativeCastDefIDOverride" : "castDef_FarahDefault",
    "missionSuccessStatementOverride" : "Commander, we're lucky. That thing the farmers used for cooling their facilities really is a SLDF Double Heat Sink!\r\n\r\nI'm quite curious how it ended up here in the first place... Now let's Yang put it to good use! ",
    "badFaithStatementOverride" : null,
    "goodFaithStatementOverride" : null,
    "shortDescription" : "Commander, we need an immediate deployment. We've tracked the troublemaker and his gang moving on the surface. Let's deploy fast before they're able to slip away again. We're expecting mostly lights, but probably quite a few them. Our target probably pilots something bigger though.\r\n\r\nRemember, this could probably yield us a SLDF Double Heatsink.",
    "longDescription" : "Don't underestimate small buggers. In numbers they can easily outrun and outgun a heavy lance.",
    "salvagePotential" : 25,
    "requirementList" : [
        {
            "Scope" : "StarSystem",
            "RequirementTags" : {
                "items" : [],
                "tagSetSourceFile" : ""
            },
            "ExclusionTags" : {
                "items" : [],
                "tagSetSourceFile" : ""
            },
            "RequirementComparisons" : []
        }
    ],
    "OnContractSuccessResults" : [
        {
            "Scope" : "Company",
            "Requirements" : null,
            "AddedTags" : {
                "items" : [],
                "tagSetSourceFile" : ""
            },
            "RemovedTags" : {
                "items" : [],
                "tagSetSourceFile" : ""
            },
            "Stats" : [],
			"Actions" : [
				{
					"Type" : "System_ShowRewards",
					"value" : "itemCollection_loot_missionTheSwarm",
					"valueConstant" : null,
					"additionalValues" : null
				}
			],
            "ForceEvents" : [],
            "TemporaryResult" : false,
            "ResultDuration" : 0
        }
    ],
    "OnContractFailureResults" : [],
    "encounterPlayStyle" : "SinglePlayer",
    "maxNumberOfPlayerUnits" : 4,
    "lanceMinTonnage" : -1,
    "lanceMaxTonnage" : 300,
    "mechMinTonnages" : [
        -1,
        -1,
        -1,
        -1
    ],
    "mechMaxTonnages" : [
        -1,
        -1,
        -1,
        -1
    ],
    "mapMood" : "",
    "startingFogOfWarVisibility" : "Unknown",
    "contractObjectiveList" : [
        {
            "contractObjective" : {
                "EncounterObjectGuid" : "edafecaf-4d24-4304-98b1-9e645898c6ee"
            },
            "title" : "Destroy the Target and Extract",
            "description" : "Destroy the Target, clear area of additional forces Enemies, and Escape",
            "isPrimary" : true,
            "forPlayer" : "Player1",
            "objectiveGuids" : [
                "504a1169-8858-4f3d-be89-48eb39f54e4d",
                "cc0880d2-2c42-40ef-98ed-33fe754c96e6",
                "650245ff-89b6-4c0f-9b72-31db69cf109c",
                "ef887928-31f2-4001-a1d8-44f8dc5f5bf8",
                "3a4192be-2a53-4383-94ac-19c08883ea5f"
            ]
        }
    ],
    "objectiveList" : [
        {
            "objective" : {
                "EncounterObjectGuid" : "650245ff-89b6-4c0f-9b72-31db69cf109c"
            },
            "title" : "Destroy Supporting Enemy Forces",
            "description" : "The secondary objective to destroy an additional lance supporting the assassination target.",
            "isPrimary" : false,
            "OnSuccessResults" : [
                {
                    "Scope" : "Company",
                    "Requirements" : null,
                    "AddedTags" : {
                        "items" : [],
                        "tagSetSourceFile" : ""
                    },
                    "RemovedTags" : {
                        "items" : [],
                        "tagSetSourceFile" : ""
                    },
                    "Stats" : [],
                    "Actions" : [],
                    "ForceEvents" : [],
                    "TemporaryResult" : false,
                    "ResultDuration" : 0
                }
            ],
            "OnFailureResults" : [],
            "OnSuccessDialogueGUID" : null,
            "OnFailureDialogueGUID" : null
        },
        {
            "objective" : {
                "EncounterObjectGuid" : "ef887928-31f2-4001-a1d8-44f8dc5f5bf8"
            },
            "title" : "Eliminate Backing Lance",
            "description" : "Destroy enemy Ambushers before extraction",
            "isPrimary" : false,
            "OnSuccessResults" : [
                {
                    "Scope" : "Company",
                    "Requirements" : null,
                    "AddedTags" : {
                        "items" : [],
                        "tagSetSourceFile" : ""
                    },
                    "RemovedTags" : {
                        "items" : [],
                        "tagSetSourceFile" : ""
                    },
                    "Stats" : [],
                    "Actions" : [],
                    "ForceEvents" : [],
                    "TemporaryResult" : false,
                    "ResultDuration" : 0
                }
            ],
            "OnFailureResults" : [],
            "OnSuccessDialogueGUID" : null,
            "OnFailureDialogueGUID" : null
        },
        {
            "objective" : {
                "EncounterObjectGuid" : "504a1169-8858-4f3d-be89-48eb39f54e4d"
            },
            "title" : "Destroy {TEAM_TAR.FactionDef.Demonym} Troublemaker",
            "description" : "The objective to destroy the Assassination Target.",
            "isPrimary" : true,
            "OnSuccessResults" : [],
            "OnFailureResults" : [],
            "OnSuccessDialogueGUID" : null,
            "OnFailureDialogueGUID" : null
        },
        {
            "objective" : {
                "EncounterObjectGuid" : "c12ee829-2a99-4ed4-be8a-5f16407a2361"
            },
            "title" : "Destroy Assassination Lance Hidden Objective",
            "description" : "Hidden Objective for AutoComplete, Destroy Assassination Lance",
            "isPrimary" : false,
            "OnSuccessResults" : [],
            "OnFailureResults" : [],
            "OnSuccessDialogueGUID" : null,
            "OnFailureDialogueGUID" : null
        },
        {
            "objective" : {
                "EncounterObjectGuid" : "cc0880d2-2c42-40ef-98ed-33fe754c96e6"
            },
            "title" : "Get to the evac zone",
            "description" : "The objective for the player to escape and complete the mission.",
            "isPrimary" : true,
            "OnSuccessResults" : [],
            "OnFailureResults" : [],
            "OnSuccessDialogueGUID" : null,
            "OnFailureDialogueGUID" : null
        },
        {
            "objective" : {
                "EncounterObjectGuid" : "3a4192be-2a53-4383-94ac-19c08883ea5f"
            },
            "title" : "Keep the {TEAM_TAR.FactionDef.Demonym} Troublemaker from Escaping",
            "description" : "The objective to stop the assassination target for escaping, the player will fail if the target escapes.",
            "isPrimary" : true,
            "OnSuccessResults" : [],
            "OnFailureResults" : [],
            "OnSuccessDialogueGUID" : null,
            "OnFailureDialogueGUID" : null
        },
        {
            "objective" : {
                "EncounterObjectGuid" : "1bd16613-2bbe-4bd7-bb7a-240ddb055ac0"
            },
            "title" : "Armor Breached",
            "description" : "Armor of the Target is breached.",
            "isPrimary" : false,
            "OnSuccessResults" : [],
            "OnFailureResults" : [],
            "OnSuccessDialogueGUID" : null,
            "OnFailureDialogueGUID" : null
        }
    ],
    "artilleryObjectiveList" : [],
    "buildingList" : [],
    "chunkList" : [
        {
            "name" : "Chunk_Ambush (Bonus)",
            "encounterChunk" : {
                "EncounterObjectGuid" : "19e8fa2a-f850-42f0-a067-15fcafcc8123"
            },
            "enableChunkFromContract" : true,
            "controlledByContractChunkGroupList" : [],
            "requirementList" : []
        },
        {
            "name" : "Chunk_TargetEscape (Bonus)",
            "encounterChunk" : {
                "EncounterObjectGuid" : "9a27ee75-f33f-45ac-b0d3-ebc321ae7ffc"
            },
            "enableChunkFromContract" : true,
            "controlledByContractChunkGroupList" : [],
            "requirementList" : []
        }
    ],
    "cameraFocusHelperList" : [
        {
            "name" : "Spawner_PlayerLance",
            "encounterObject" : {
                "EncounterObjectGuid" : "49c80ae9-df2d-4788-a56e-3b21cf381691"
            }
        },
        {
            "name" : "Lance_Enemy_OpposingForce",
            "encounterObject" : {
                "EncounterObjectGuid" : "72773efa-5537-4273-89f8-5fcf1a06f7ff"
            }
        },
        {
            "name" : "Lance_Enemy_Ambushers",
            "encounterObject" : {
                "EncounterObjectGuid" : "a40b7be1-0b20-445f-a31d-b2b2ff228eda"
            }
        },
        {
            "name" : "Lance_Enemy_AssassinationTarget",
            "encounterObject" : {
                "EncounterObjectGuid" : "9d973fb5-9b7e-4c49-969a-6bb3e60caa64"
            }
        },
        {
            "name" : "Region_Escape",
            "encounterObject" : {
                "EncounterObjectGuid" : "a25a4728-0069-41cc-ac38-19b1f49023e7"
            }
        },
        {
            "name" : "Region_TargetEscapeZone",
            "encounterObject" : {
                "EncounterObjectGuid" : "a85da736-7a2e-4cc6-aff3-feb9d73fc7e1"
            }
        }
    ],
    "dialogueList" : [
        {
            "dialogue" : {
                "EncounterObjectGuid" : "73df8d9c-a274-48fd-98c9-2bd0d7860e83"
            },
            "name" : "Dialogue_MissionStart",
            "overrideDialogueBucketId" : "",
            "dialogueContent" : [
                {
                    "words" : "This is the place, Commander. Meyer, can you see the target anywhere? We're blind on the ground.",
                    "wordsColor" : {
                        "r" : 1,
                        "g" : 1,
                        "b" : 1,
                        "a" : 1
                    },
                    "selectedCastDefId" : "castDef_DariusDefault",
                    "emote" : "Default",
                    "audioName" : "NONE",
                    "cameraFocusGuid" : "",
                    "cameraDistance" : "Far",
                    "cameraHeight" : "Default",
                    "revealRadius" : -1
                },
                {
                    "words" : "I've got an engine signature... here. Best I can do, boss.",
                    "wordsColor" : {
                        "r" : 1,
                        "g" : 1,
                        "b" : 1,
                        "a" : 1
                    },
                    "selectedCastDefId" : "castDef_SumireDefault",
                    "emote" : "Default",
                    "audioName" : "NONE",
                    "cameraFocusGuid" : "9d973fb5-9b7e-4c49-969a-6bb3e60caa64",
                    "cameraDistance" : "Far",
                    "cameraHeight" : "Default",
                    "revealRadius" : -1
                },
                {
                    "words" : "The target might make a break for it once you engage, Commander. Be ready to intercept if he runs.",
                    "wordsColor" : {
                        "r" : 1,
                        "g" : 1,
                        "b" : 1,
                        "a" : 1
                    },
                    "selectedCastDefId" : "castDef_DariusDefault",
                    "emote" : "Default",
                    "audioName" : "NONE",
                    "cameraFocusGuid" : "49c80ae9-df2d-4788-a56e-3b21cf381691",
                    "cameraDistance" : "Far",
                    "cameraHeight" : "Default",
                    "revealRadius" : -1
                }
            ]
        },
        {
            "dialogue" : {
                "EncounterObjectGuid" : "4011a4c3-cba2-4d22-b2b3-3b19a3297ab9"
            },
            "name" : "Dialogue_MissionSuccess",
            "overrideDialogueBucketId" : "",
            "dialogueContent" : [
                {
                    "words" : "Mission accomplished. The agitator is dead and his followers scattered.",
                    "wordsColor" : {
                        "r" : 1,
                        "g" : 1,
                        "b" : 1,
                        "a" : 1
                    },
                    "selectedCastDefId" : "castDef_DariusDefault",
                    "emote" : "Default",
                    "audioName" : "NONE",
                    "cameraFocusGuid" : "",
                    "cameraDistance" : "Far",
                    "cameraHeight" : "Default",
                    "revealRadius" : -1
                }
            ]
        },
        {
            "dialogue" : {
                "EncounterObjectGuid" : "d3d33d95-9ed7-4686-b9eb-954ebe51cc02"
            },
            "name" : "Dialogue_MissionFailure",
            "overrideDialogueBucketId" : "",
            "dialogueContent" : [
                {
                    "words" : "Time to make a withdrawal. No way of pulling this one out of the fire.",
                    "wordsColor" : {
                        "r" : 1,
                        "g" : 1,
                        "b" : 1,
                        "a" : 1
                    },
                    "selectedCastDefId" : "castDef_DariusDefault",
                    "emote" : "Default",
                    "audioName" : "NONE",
                    "cameraFocusGuid" : "",
                    "cameraDistance" : "Far",
                    "cameraHeight" : "Default",
                    "revealRadius" : -1
                }
            ]
        },
        {
            "dialogue" : {
                "EncounterObjectGuid" : "dafa63cd-96e8-4a03-8383-6abfd360bde8"
            },
            "name" : "Dialogue_Interrupt_KillConfirmedEscapeInstruction",
            "overrideDialogueBucketId" : "",
            "dialogueContent" : [
                {
                    "words" : "That's our target destroyed, Commander. Meyer, are you ready for the pickup?",
                    "wordsColor" : {
                        "r" : 1,
                        "g" : 1,
                        "b" : 1,
                        "a" : 1
                    },
                    "selectedCastDefId" : "castDef_DariusDefault",
                    "emote" : "Default",
                    "audioName" : "NONE",
                    "cameraFocusGuid" : "",
                    "cameraDistance" : "Far",
                    "cameraHeight" : "Default",
                    "revealRadius" : -1
                },
                {
                    "words" : "I'm on station. Head for this LZ and I'll get you out of there.",
                    "wordsColor" : {
                        "r" : 1,
                        "g" : 1,
                        "b" : 1,
                        "a" : 1
                    },
                    "selectedCastDefId" : "castDef_SumireDefault",
                    "emote" : "Default",
                    "audioName" : "NONE",
                    "cameraFocusGuid" : "a25a4728-0069-41cc-ac38-19b1f49023e7",
                    "cameraDistance" : "Far",
                    "cameraHeight" : "Default",
                    "revealRadius" : -1
                }
            ]
        },
        {
            "dialogue" : {
                "EncounterObjectGuid" : "cbb7a848-5367-478a-82f2-256bb94080e6"
            },
            "name" : "Dialogue_AmbushDestroyed",
            "overrideDialogueBucketId" : "DialogBucketDef_Universal_KillConfirmed",
            "dialogueContent" : [
                {
                    "words" : "Readings indicate the ambushing units are out of commission. The people will be pleased. ",
                    "wordsColor" : {
                        "r" : 1,
                        "g" : 1,
                        "b" : 1,
                        "a" : 1
                    },
                    "selectedCastDefId" : "castDef_DariusDefault",
                    "emote" : "Default",
                    "audioName" : "NONE",
                    "cameraFocusGuid" : "",
                    "cameraDistance" : "Far",
                    "cameraHeight" : "Default",
                    "revealRadius" : -1
                }
            ]
        },
        {
            "dialogue" : {
                "EncounterObjectGuid" : "cc82de54-d0b5-4227-bb23-dc845ea88833"
            },
            "name" : "Dialogue_TargetDamaged",
            "overrideDialogueBucketId" : "DialogBucketDef_Assassinate_TarDamaged",
            "dialogueContent" : [
                {
                    "words" : "That is our target, sustain fire on that unit!",
                    "wordsColor" : {
                        "r" : 1,
                        "g" : 1,
                        "b" : 1,
                        "a" : 1
                    },
                    "selectedCastDefId" : "castDef_DariusDefault",
                    "emote" : "Default",
                    "audioName" : "NONE",
                    "cameraFocusGuid" : "",
                    "cameraDistance" : "Far",
                    "cameraHeight" : "Default",
                    "revealRadius" : -1
                }
            ]
        },
        {
            "dialogue" : {
                "EncounterObjectGuid" : "4a6a16e6-15ea-4c14-8075-a77089825af7"
            },
            "name" : "Dialogue_AmbushWarning",
            "overrideDialogueBucketId" : "DialogBucketDef_Assassinate_AmbushWarning",
            "dialogueContent" : [
                {
                    "words" : "Sensors are showing enemy movement beyond our initial count. Be advised you might meet with increased resistance.",
                    "wordsColor" : {
                        "r" : 1,
                        "g" : 1,
                        "b" : 1,
                        "a" : 1
                    },
                    "selectedCastDefId" : "castDef_DariusDefault",
                    "emote" : "Default",
                    "audioName" : "NONE",
                    "cameraFocusGuid" : "",
                    "cameraDistance" : "Far",
                    "cameraHeight" : "Default",
                    "revealRadius" : -1
                }
            ]
        },
        {
            "dialogue" : {
                "EncounterObjectGuid" : "9fb497e2-e3cf-410a-92c6-8943c6e09533"
            },
            "name" : "Dialogue_TargetFleeing",
            "overrideDialogueBucketId" : "DialogBucketDef_Assassinate_TargetFleeing",
            "dialogueContent" : [
                {
                    "words" : "Commander, the target is bugging out! Eliminate him before he escapes.",
                    "wordsColor" : {
                        "r" : 1,
                        "g" : 1,
                        "b" : 1,
                        "a" : 1
                    },
                    "selectedCastDefId" : "castDef_DariusDefault",
                    "emote" : "Default",
                    "audioName" : "NONE",
                    "cameraFocusGuid" : "",
                    "cameraDistance" : "Far",
                    "cameraHeight" : "Default",
                    "revealRadius" : -1
                }
            ]
        }
    ],
    "extractionOverrideList" : [],
    "overwriteMissionCompleteWhenAutoComplete" : true,
    "overrideAutoCompleteDialogueId" : "",
    "disableNegotations" : true,
    "disableLanceConfiguration" : false,
    "disableCancelButton" : false,
    "disableAfterAction" : false,
    "contractRewardOverride" : 0,
    "travelOnly" : false,
    "useTravelCostPenalty" : false,
    "usesExpiration" : false,
    "expirationTimeOverride" : -1,
    "negotiatedSalary" : 0,
    "negotiatedSalvage" : 1,
    "excludedFromProceduralGeneration" : true,
    "player1Team" : {
        "encounterLayerData" : {
            "EncounterObjectGuid" : ""
        },
        "teamGuid" : "bf40fd39-ccf9-47c4-94a6-061809681140",
        "teamName" : "Player 1",
        "faction" : "Player1sMercUnit",
        "teamLeaderCastDefId" : "castDef_TeamLeader_Current",
        "lanceOverrideList" : [
            {
                "lanceSpawner" : {
                    "EncounterObjectGuid" : "49c80ae9-df2d-4788-a56e-3b21cf381691"
                },
                "name" : "Spawner_PlayerLance",
                "lanceDefId" : "Manual",
                "lanceTagSet" : {
                    "items" : [],
                    "tagSetSourceFile" : "tags/LanceTags"
                },
                "lanceExcludedTagSet" : {
                    "items" : [],
                    "tagSetSourceFile" : "tags/LanceTags"
                },
                "spawnEffectTags" : {
                    "items" : [],
                    "tagSetSourceFile" : "tags/SpawnEffectTags"
                },
                "lanceDifficultyAdjustment" : 0,
                "selectedLanceDefId" : "",
                "selectedLanceDifficulty" : 0,
                "unitSpawnPointOverrideList" : [
                    {
                        "unitSpawnPoint" : {
                            "EncounterObjectGuid" : "d7b3b2a0-a5ea-449b-8f20-e75ec9593a8b"
                        },
                        "customUnitName" : "",
                        "customHeraldryDefId" : "",
                        "unitType" : "Mech",
                        "unitDefId" : "mechDef_None",
                        "unitTagSet" : {
                            "items" : [],
                            "tagSetSourceFile" : "tags/UnitTags"
                        },
                        "unitExcludedTagSet" : {
                            "items" : [],
                            "tagSetSourceFile" : "tags/UnitTags"
                        },
                        "spawnEffectTags" : {
                            "items" : [],
                            "tagSetSourceFile" : "tags/SpawnEffectTags"
                        },
                        "pilotDefId" : "pilotDef_InheritLance",
                        "pilotTagSet" : {
                            "items" : [],
                            "tagSetSourceFile" : "tags/PilotTags"
                        },
                        "pilotExcludedTagSet" : {
                            "items" : [],
                            "tagSetSourceFile" : "tags/PilotTags"
                        },
                        "selectedUnitType" : "UNDEFINED",
                        "selectedUnitDefId" : "",
                        "selectedPilotDefId" : ""
                    },
                    {
                        "unitSpawnPoint" : {
                            "EncounterObjectGuid" : "9c2cae94-8f3a-46ab-ad5b-574051e6ad07"
                        },
                        "customUnitName" : "",
                        "customHeraldryDefId" : "",
                        "unitType" : "Mech",
                        "unitDefId" : "mechDef_None",
                        "unitTagSet" : {
                            "items" : [],
                            "tagSetSourceFile" : "tags/UnitTags"
                        },
                        "unitExcludedTagSet" : {
                            "items" : [],
                            "tagSetSourceFile" : "tags/UnitTags"
                        },
                        "spawnEffectTags" : {
                            "items" : [],
                            "tagSetSourceFile" : "tags/SpawnEffectTags"
                        },
                        "pilotDefId" : "pilotDef_InheritLance",
                        "pilotTagSet" : {
                            "items" : [],
                            "tagSetSourceFile" : "tags/PilotTags"
                        },
                        "pilotExcludedTagSet" : {
                            "items" : [],
                            "tagSetSourceFile" : "tags/PilotTags"
                        },
                        "selectedUnitType" : "UNDEFINED",
                        "selectedUnitDefId" : "",
                        "selectedPilotDefId" : ""
                    },
                    {
                        "unitSpawnPoint" : {
                            "EncounterObjectGuid" : "f2e3b2cf-b22e-4355-b990-fbcee4021c8d"
                        },
                        "customUnitName" : "",
                        "customHeraldryDefId" : "",
                        "unitType" : "Mech",
                        "unitDefId" : "mechDef_None",
                        "unitTagSet" : {
                            "items" : [],
                            "tagSetSourceFile" : "tags/UnitTags"
                        },
                        "unitExcludedTagSet" : {
                            "items" : [],
                            "tagSetSourceFile" : "tags/UnitTags"
                        },
                        "spawnEffectTags" : {
                            "items" : [],
                            "tagSetSourceFile" : "tags/SpawnEffectTags"
                        },
                        "pilotDefId" : "pilotDef_InheritLance",
                        "pilotTagSet" : {
                            "items" : [],
                            "tagSetSourceFile" : "tags/PilotTags"
                        },
                        "pilotExcludedTagSet" : {
                            "items" : [],
                            "tagSetSourceFile" : "tags/PilotTags"
                        },
                        "selectedUnitType" : "UNDEFINED",
                        "selectedUnitDefId" : "",
                        "selectedPilotDefId" : ""
                    },
                    {
                        "unitSpawnPoint" : {
                            "EncounterObjectGuid" : "ba11e63f-b04a-475c-a01d-915686e3669a"
                        },
                        "customUnitName" : "",
                        "customHeraldryDefId" : "",
                        "unitType" : "Mech",
                        "unitDefId" : "mechDef_None",
                        "unitTagSet" : {
                            "items" : [],
                            "tagSetSourceFile" : "tags/UnitTags"
                        },
                        "unitExcludedTagSet" : {
                            "items" : [],
                            "tagSetSourceFile" : "tags/UnitTags"
                        },
                        "spawnEffectTags" : {
                            "items" : [],
                            "tagSetSourceFile" : "tags/SpawnEffectTags"
                        },
                        "pilotDefId" : "pilotDef_InheritLance",
                        "pilotTagSet" : {
                            "items" : [],
                            "tagSetSourceFile" : "tags/PilotTags"
                        },
                        "pilotExcludedTagSet" : {
                            "items" : [],
                            "tagSetSourceFile" : "tags/PilotTags"
                        },
                        "selectedUnitType" : "UNDEFINED",
                        "selectedUnitDefId" : "",
                        "selectedPilotDefId" : ""
                    }
                ]
            }
        ]
    },
    "player2Team" : {
        "encounterLayerData" : {
            "EncounterObjectGuid" : ""
        },
        "teamGuid" : "757173dd-b4e1-4bb5-9bee-d78e623cc867",
        "teamName" : "Player 2",
        "faction" : "Player2sMercUnit",
        "teamLeaderCastDefId" : "castDef_TeamLeader_Current",
        "lanceOverrideList" : []
    },
    "employerTeam" : {
        "encounterLayerData" : {
            "EncounterObjectGuid" : ""
        },
        "teamGuid" : "ecc8d4f2-74b4-465d-adf6-84445e5dfc230",
        "teamName" : "Employer",
        "faction" : "INVALID_UNSET",
        "teamLeaderCastDefId" : "castDef_TeamLeader_Current",
        "lanceOverrideList" : []
    },
    "targetTeam" : {
        "encounterLayerData" : {
            "EncounterObjectGuid" : ""
        },
        "teamGuid" : "be77cadd-e245-4240-a93e-b99cc98902a5",
        "teamName" : "Target",
        "faction" : "INVALID_UNSET",
        "teamLeaderCastDefId" : "castDef_TeamLeader_Current",
        "lanceOverrideList" : [
            {
                "lanceSpawner" : {
                    "EncounterObjectGuid" : "72773efa-5537-4273-89f8-5fcf1a06f7ff"
                },
                "name" : "Lance_Enemy_OpposingForce",
                "lanceDefId" : "Tagged",
                "lanceTagSet" : {
                    "items" : [
                        "lance_type_dynamic_difficulty",
                        "lance_type_assault"
                    ],
                    "tagSetSourceFile" : "tags/LanceTags"
                },
                "lanceExcludedTagSet" : {
                    "items" : [],
                    "tagSetSourceFile" : "tags/LanceTags"
                },
                "spawnEffectTags" : {
                    "items" : [],
                    "tagSetSourceFile" : "tags/SpawnEffectTags"
                },
                "lanceDifficultyAdjustment" : 0,
                "selectedLanceDefId" : "",
                "selectedLanceDifficulty" : 0,
                "unitSpawnPointOverrideList" : [
                    {
                        "unitSpawnPoint" : {
                            "EncounterObjectGuid" : "dd1b3129-0f5d-4e93-b87d-42ab13c68e7d"
                        },
                        "customUnitName" : "",
                        "customHeraldryDefId" : "heraldrydef_theSwarm",
                        "unitType" : "Mech",
                        "unitDefId" : "mechdef_wasp_WSP-1D",
                        "unitTagSet" : {
                            "items" : [],
                            "tagSetSourceFile" : "tags/UnitTags"
                        },
                        "unitExcludedTagSet" : {
                            "items" : [],
                            "tagSetSourceFile" : "tags/UnitTags"
                        },
                        "spawnEffectTags" : {
                            "items" : [],
                            "tagSetSourceFile" : "tags/SpawnEffectTags"
                        },
                        "pilotDefId" : "pilot_swarm_scout",
                        "pilotTagSet" : {
                            "items" : [],
                            "tagSetSourceFile" : "tags/PilotTags"
                        },
                        "pilotExcludedTagSet" : {
                            "items" : [],
                            "tagSetSourceFile" : "tags/PilotTags"
                        },
                        "selectedUnitType" : "UNDEFINED",
                        "selectedUnitDefId" : "",
                        "selectedPilotDefId" : ""
                    },
                    {
                        "unitSpawnPoint" : {
                            "EncounterObjectGuid" : "2d62bfad-c89a-488e-94a4-25cb748f0423"
                        },
                        "customUnitName" : "",
                        "customHeraldryDefId" : "heraldrydef_theSwarm",
                        "unitType" : "Mech",
                        "unitDefId" : "mechdef_locust_LCT-1E",
                        "unitTagSet" : {
                            "items" : [],
                            "tagSetSourceFile" : "tags/UnitTags"
                        },
                        "unitExcludedTagSet" : {
                            "items" : [],
                            "tagSetSourceFile" : "tags/UnitTags"
                        },
                        "spawnEffectTags" : {
                            "items" : [],
                            "tagSetSourceFile" : "tags/SpawnEffectTags"
                        },
                        "pilotDefId" : "pilot_swarm_flanker",
                        "pilotTagSet" : {
                            "items" : [],
                            "tagSetSourceFile" : "tags/PilotTags"
                        },
                        "pilotExcludedTagSet" : {
                            "items" : [],
                            "tagSetSourceFile" : "tags/PilotTags"
                        },
                        "selectedUnitType" : "UNDEFINED",
                        "selectedUnitDefId" : "",
                        "selectedPilotDefId" : ""
                    },
                    {
                        "unitSpawnPoint" : {
                            "EncounterObjectGuid" : "16d4b3f5-6d90-40c5-8b5b-6d0e2f69a229"
                        },
                        "customUnitName" : "",
                        "customHeraldryDefId" : "heraldrydef_theSwarm",
                        "unitType" : "Mech",
                        "unitDefId" : "mechdef_locust_LCT-1S",
                        "unitTagSet" : {
                            "items" : [],
                            "tagSetSourceFile" : "tags/UnitTags"
                        },
                        "unitExcludedTagSet" : {
                            "items" : [],
                            "tagSetSourceFile" : "tags/UnitTags"
                        },
                        "spawnEffectTags" : {
                            "items" : [],
                            "tagSetSourceFile" : "tags/SpawnEffectTags"
                        },
                        "pilotDefId" : "pilot_swarm_flanker",
                        "pilotTagSet" : {
                            "items" : [],
                            "tagSetSourceFile" : "tags/PilotTags"
                        },
                        "pilotExcludedTagSet" : {
                            "items" : [],
                            "tagSetSourceFile" : "tags/PilotTags"
                        },
                        "selectedUnitType" : "UNDEFINED",
                        "selectedUnitDefId" : "",
                        "selectedPilotDefId" : ""
                    },
                    {
                        "unitSpawnPoint" : {
                            "EncounterObjectGuid" : "a2920539-8765-4260-ba55-1f155ae0bda8"
                        },
                        "customUnitName" : "",
                        "customHeraldryDefId" : "heraldrydef_theSwarm",
                        "unitType" : "Mech",
                        "unitDefId" : "mechdef_locust_LCT-1V",
                        "unitTagSet" : {
                            "items" : [],
                            "tagSetSourceFile" : "tags/UnitTags"
                        },
                        "unitExcludedTagSet" : {
                            "items" : [],
                            "tagSetSourceFile" : "tags/UnitTags"
                        },
                        "spawnEffectTags" : {
                            "items" : [],
                            "tagSetSourceFile" : "tags/SpawnEffectTags"
                        },
                        "pilotDefId" : "pilot_swarm_flanker",
                        "pilotTagSet" : {
                            "items" : [],
                            "tagSetSourceFile" : "tags/PilotTags"
                        },
                        "pilotExcludedTagSet" : {
                            "items" : [],
                            "tagSetSourceFile" : "tags/PilotTags"
                        },
                        "selectedUnitType" : "UNDEFINED",
                        "selectedUnitDefId" : "",
                        "selectedPilotDefId" : ""
                    }
                ]
            },
            {
                "lanceSpawner" : {
                    "EncounterObjectGuid" : "a40b7be1-0b20-445f-a31d-b2b2ff228eda"
                },
                "name" : "Lance_Enemy_Ambushers",
                "lanceDefId" : "Tagged",
                "lanceTagSet" : {
                    "items" : [
                        "lance_type_dynamic_difficulty",
                        "lance_type_support"
                    ],
                    "tagSetSourceFile" : "tags/LanceTags"
                },
                "lanceExcludedTagSet" : {
                    "items" : [],
                    "tagSetSourceFile" : "tags/LanceTags"
                },
                "spawnEffectTags" : {
                    "items" : [],
                    "tagSetSourceFile" : "tags/SpawnEffectTags"
                },
                "lanceDifficultyAdjustment" : 0,
                "selectedLanceDefId" : "",
                "selectedLanceDifficulty" : 0,
                "unitSpawnPointOverrideList" : [
                    {
                        "unitSpawnPoint" : {
                            "EncounterObjectGuid" : "8e0a56bb-8b5a-49e7-98da-5abbb2c36f8f"
                        },
                        "customUnitName" : "",
                        "customHeraldryDefId" : "heraldrydef_theSwarm",
                        "unitType" : "Mech",
                        "unitDefId" : "mechdef_locust_LCT-1M",
                        "unitTagSet" : {
                            "items" : [],
                            "tagSetSourceFile" : "tags/UnitTags"
                        },
                        "unitExcludedTagSet" : {
                            "items" : [],
                            "tagSetSourceFile" : "tags/UnitTags"
                        },
                        "spawnEffectTags" : {
                            "items" : [],
                            "tagSetSourceFile" : "tags/SpawnEffectTags"
                        },
                        "pilotDefId" : "pilot_swarm_scout",
                        "pilotTagSet" : {
                            "items" : [],
                            "tagSetSourceFile" : "tags/PilotTags"
                        },
                        "pilotExcludedTagSet" : {
                            "items" : [],
                            "tagSetSourceFile" : "tags/PilotTags"
                        },
                        "selectedUnitType" : "UNDEFINED",
                        "selectedUnitDefId" : "",
                        "selectedPilotDefId" : ""
                    },
                    {
                        "unitSpawnPoint" : {
                            "EncounterObjectGuid" : "32f2da7d-0c4d-474d-9917-6963eca1b3d9"
                        },
                        "customUnitName" : "",
                        "customHeraldryDefId" : "heraldrydef_theSwarm",
                        "unitType" : "Mech",
                        "unitDefId" : "mechdef_locust_LCT-1M",
                        "unitTagSet" : {
                            "items" : [],
                            "tagSetSourceFile" : "tags/UnitTags"
                        },
                        "unitExcludedTagSet" : {
                            "items" : [],
                            "tagSetSourceFile" : "tags/UnitTags"
                        },
                        "spawnEffectTags" : {
                            "items" : [],
                            "tagSetSourceFile" : "tags/SpawnEffectTags"
                        },
                        "pilotDefId" : "pilot_swarm_scout",
                        "pilotTagSet" : {
                            "items" : [],
                            "tagSetSourceFile" : "tags/PilotTags"
                        },
                        "pilotExcludedTagSet" : {
                            "items" : [],
                            "tagSetSourceFile" : "tags/PilotTags"
                        },
                        "selectedUnitType" : "UNDEFINED",
                        "selectedUnitDefId" : "",
                        "selectedPilotDefId" : ""
                    },
                    {
                        "unitSpawnPoint" : {
                            "EncounterObjectGuid" : "121ef017-a2af-41f2-b135-7c17bea334c7"
                        },
                        "customUnitName" : "",
                        "customHeraldryDefId" : "heraldrydef_theSwarm",
                        "unitType" : "Mech",
                        "unitDefId" : "mechdef_locust_LCT-1M",
                        "unitTagSet" : {
                            "items" : [],
                            "tagSetSourceFile" : "tags/UnitTags"
                        },
                        "unitExcludedTagSet" : {
                            "items" : [],
                            "tagSetSourceFile" : "tags/UnitTags"
                        },
                        "spawnEffectTags" : {
                            "items" : [],
                            "tagSetSourceFile" : "tags/SpawnEffectTags"
                        },
                        "pilotDefId" : "pilot_swarm_scout",
                        "pilotTagSet" : {
                            "items" : [],
                            "tagSetSourceFile" : "tags/PilotTags"
                        },
                        "pilotExcludedTagSet" : {
                            "items" : [],
                            "tagSetSourceFile" : "tags/PilotTags"
                        },
                        "selectedUnitType" : "UNDEFINED",
                        "selectedUnitDefId" : "",
                        "selectedPilotDefId" : ""
                    },
                    {
                        "unitSpawnPoint" : {
                            "EncounterObjectGuid" : "c47cb632-8b27-46b7-a53a-4320736216ae"
                        },
                        "customUnitName" : "",
                        "customHeraldryDefId" : "heraldrydef_theSwarm",
                        "unitType" : "Mech",
                        "unitDefId" : "mechdef_locust_LCT-1E",
                        "unitTagSet" : {
                            "items" : [],
                            "tagSetSourceFile" : "tags/UnitTags"
                        },
                        "unitExcludedTagSet" : {
                            "items" : [],
                            "tagSetSourceFile" : "tags/UnitTags"
                        },
                        "spawnEffectTags" : {
                            "items" : [],
                            "tagSetSourceFile" : "tags/SpawnEffectTags"
                        },
                        "pilotDefId" : "pilot_swarm_flanker",
                        "pilotTagSet" : {
                            "items" : [],
                            "tagSetSourceFile" : "tags/PilotTags"
                        },
                        "pilotExcludedTagSet" : {
                            "items" : [],
                            "tagSetSourceFile" : "tags/PilotTags"
                        },
                        "selectedUnitType" : "UNDEFINED",
                        "selectedUnitDefId" : "",
                        "selectedPilotDefId" : ""
                    }
                ]
            },
            {
                "lanceSpawner" : {
                    "EncounterObjectGuid" : "9d973fb5-9b7e-4c49-969a-6bb3e60caa64"
                },
                "name" : "Lance_Enemy_AssassinationTarget",
                "lanceDefId" : "Tagged",
                "lanceTagSet" : {
                    "items" : [
                        "lance_type_dynamic_difficulty",
                        "lance_type_cavalry"
                    ],
                    "tagSetSourceFile" : "tags/LanceTags"
                },
                "lanceExcludedTagSet" : {
                    "items" : [],
                    "tagSetSourceFile" : "tags/LanceTags"
                },
                "spawnEffectTags" : {
                    "items" : [],
                    "tagSetSourceFile" : "tags/SpawnEffectTags"
                },
                "lanceDifficultyAdjustment" : 2,
                "selectedLanceDefId" : "",
                "selectedLanceDifficulty" : 0,
                "unitSpawnPointOverrideList" : [
                    {
                        "unitSpawnPoint" : {
                            "EncounterObjectGuid" : "6cd3107e-0f9d-4809-ab8c-fb30faf4cd80"
                        },
                        "customUnitName" : "Troublemaker",
                        "customHeraldryDefId" : "heraldrydef_theSwarm",
                        "unitType" : "Mech",
                        "unitDefId" : "mechdef_grasshopper_GHR-5H_THESWARM",
                        "unitTagSet" : {
                            "items" : [],
                            "tagSetSourceFile" : "tags/UnitTags"
                        },
                        "unitExcludedTagSet" : {
                            "items" : [],
                            "tagSetSourceFile" : "tags/UnitTags"
                        },
                        "spawnEffectTags" : {
                            "items" : [],
                            "tagSetSourceFile" : "tags/SpawnEffectTags"
                        },
                        "pilotDefId" : "pilot_swarm_leader",
                        "pilotTagSet" : {
                            "items" : [],
                            "tagSetSourceFile" : "tags/PilotTags"
                        },
                        "pilotExcludedTagSet" : {
                            "items" : [],
                            "tagSetSourceFile" : "tags/PilotTags"
                        },
                        "selectedUnitType" : "UNDEFINED",
                        "selectedUnitDefId" : "",
                        "selectedPilotDefId" : ""
                    },
                    {
                        "unitSpawnPoint" : {
                            "EncounterObjectGuid" : "32a78eeb-e3ee-4f2c-96ce-3f2aa6aefa6b"
                        },
                        "customUnitName" : "",
                        "customHeraldryDefId" : "heraldrydef_theSwarm",
                        "unitType" : "Mech",
                        "unitDefId" : "mechdef_cicada_CDA-3C",
                        "unitTagSet" : {
                            "items" : [],
                            "tagSetSourceFile" : "tags/UnitTags"
                        },
                        "unitExcludedTagSet" : {
                            "items" : [],
                            "tagSetSourceFile" : "tags/UnitTags"
                        },
                        "spawnEffectTags" : {
                            "items" : [],
                            "tagSetSourceFile" : "tags/SpawnEffectTags"
                        },
                        "pilotDefId" : "pilot_swarm_flanker",
                        "pilotTagSet" : {
                            "items" : [],
                            "tagSetSourceFile" : "tags/PilotTags"
                        },
                        "pilotExcludedTagSet" : {
                            "items" : [],
                            "tagSetSourceFile" : "tags/PilotTags"
                        },
                        "selectedUnitType" : "UNDEFINED",
                        "selectedUnitDefId" : "",
                        "selectedPilotDefId" : ""
                    },
                    {
                        "unitSpawnPoint" : {
                            "EncounterObjectGuid" : "fd6cffb3-edef-4892-8495-d1a5943869cf"
                        },
                        "customUnitName" : "",
                        "customHeraldryDefId" : "heraldrydef_theSwarm",
                        "unitType" : "Mech",
                        "unitDefId" : "mechdef_cicada_CDA-3C",
                        "unitTagSet" : {
                            "items" : [],
                            "tagSetSourceFile" : "tags/UnitTags"
                        },
                        "unitExcludedTagSet" : {
                            "items" : [],
                            "tagSetSourceFile" : "tags/UnitTags"
                        },
                        "spawnEffectTags" : {
                            "items" : [],
                            "tagSetSourceFile" : "tags/SpawnEffectTags"
                        },
                        "pilotDefId" : "pilot_swarm_flanker",
                        "pilotTagSet" : {
                            "items" : [],
                            "tagSetSourceFile" : "tags/PilotTags"
                        },
                        "pilotExcludedTagSet" : {
                            "items" : [],
                            "tagSetSourceFile" : "tags/PilotTags"
                        },
                        "selectedUnitType" : "UNDEFINED",
                        "selectedUnitDefId" : "",
                        "selectedPilotDefId" : ""
                    },
                    {
                        "unitSpawnPoint" : {
                            "EncounterObjectGuid" : "f9d76bd8-5c43-41c2-85d6-be237d2ca505"
                        },
                        "customUnitName" : "",
                        "customHeraldryDefId" : "heraldrydef_theSwarm",
                        "unitType" : "Mech",
                        "unitDefId" : "mechdef_cicada_CDA-2A",
                        "unitTagSet" : {
                            "items" : [],
                            "tagSetSourceFile" : "tags/UnitTags"
                        },
                        "unitExcludedTagSet" : {
                            "items" : [],
                            "tagSetSourceFile" : "tags/UnitTags"
                        },
                        "spawnEffectTags" : {
                            "items" : [],
                            "tagSetSourceFile" : "tags/SpawnEffectTags"
                        },
                        "pilotDefId" : "pilot_swarm_flanker",
                        "pilotTagSet" : {
                            "items" : [],
                            "tagSetSourceFile" : "tags/PilotTags"
                        },
                        "pilotExcludedTagSet" : {
                            "items" : [],
                            "tagSetSourceFile" : "tags/PilotTags"
                        },
                        "selectedUnitType" : "UNDEFINED",
                        "selectedUnitDefId" : "",
                        "selectedPilotDefId" : ""
                    }
                ]
            }
        ]
    },
    "targetsAllyTeam" : {
        "encounterLayerData" : {
            "EncounterObjectGuid" : ""
        },
        "teamGuid" : "31151ed6-cfc2-467e-98c4-9ae5bea784cf",
        "teamName" : "Target's Ally",
        "faction" : "INVALID_UNSET",
        "teamLeaderCastDefId" : "castDef_TeamLeader_Current",
        "lanceOverrideList" : []
    },
    "neutralToAllTeam" : {
        "encounterLayerData" : {
            "EncounterObjectGuid" : ""
        },
        "teamGuid" : "61612bb3-abf9-4586-952a-0559fa9dcd75",
        "teamName" : "Neutral to All",
        "faction" : "INVALID_UNSET",
        "teamLeaderCastDefId" : "castDef_TeamLeader_Current",
        "lanceOverrideList" : []
    },
    "hostileToAllTeam" : {
        "encounterLayerData" : {
            "EncounterObjectGuid" : ""
        },
        "teamGuid" : "3c9f3a20-ab03-4bcb-8ab6-b1ef0442bbf0",
        "teamName" : "Hostile to All",
        "faction" : "INVALID_UNSET",
        "teamLeaderCastDefId" : "castDef_TeamLeader_Current",
        "lanceOverrideList" : []
    },
    "employersAllyTeam" : {
        "encounterLayerData" : null,
        "teamGuid" : "70af7e7f-39a8-4e81-87c2-bd01dcb01b5e",
        "teamName" : "Employers Ally",
        "faction" : "INVALID_UNSET",
        "teamLeaderCastDefId" : "castDef_TeamLeader_Current",
        "lanceOverrideList" : []
    },
    "contractType" : "Assassinate",
    "contractTypeID" : "Assassinate"
}