itemCollection_table_missionUnexpectedSignals_D5,,,
mechdef_bombardier_BMB-12D,Mech,1,1
mechdef_catapult_CPLT-C1b,Mech,1,1
mechdef_champion_CHP-1N,Mech,1,1
mechdef_champion_CHP-1N2,Mech,1,1
mechdef_champion_CHP-1Nb,Mech,1,1
mechdef_crusader_CRD-2R,Mech,1,1
mechdef_exterminator_EXT-4Db,Mech,1,1
mechdef_galahad_GLH-2D,Mech,1,1
mechdef_guillotine_GLT-3N,Mech,1,1
mechdef_kintaro_KTO-19,Mech,1,1
mechdef_kintaro_KTO-19b,Mech,1,1
mechdef_lancelot_LNC25-01,Mech,1,1
mechdef_lancelot_LNC25-05,Mech,1,1
mechdef_ostroc_OSR-2Cb,Mech,1,1
mechdef_ostwar_OWR-2Mb,Mech,1,1
mechdef_shadowhawk_SHD-2Hb,Mech,1,1
mechdef_thunderbolt_TDR-5Sb,Mech,1,1
mechdef_trebuchet_TBT-3C,Mech,1,1
mechdef_wolverine_WVR-7H,Mech,1,1
