itemCollection_table_missionUnexpectedSignals_D2,,,
mechdef_crab_CRB-27_actual,Mech,1,1
mechdef_crab_CRB-27b,Mech,1,1
mechdef_firefly_FFL-3A,Mech,1,1
mechdef_griffin_GRF-4N,Mech,1,1
mechdef_hermes_HER-1Sb,Mech,1,1
mechdef_hussar_HSR-200-D,Mech,1,1
mechdef_hussar_HSR-200-Db,Mech,1,1
mechdef_kyudo_KY2-D-02,Mech,1,1
mechdef_locust_LCT-1Vb,Mech,1,1
mechdef_mercury_MCY-99,Mech,1,1
mechdef_mongoose_MON-66,Mech,1,1
mechdef_mongoose_MON-66b,Mech,1,1
mechdef_nighthawk_NTK-2Q,Mech,1,1
mechdef_osprey_OSP-15,Mech,1,1
mechdef_ostscout_OTT-7Jb,Mech,1,1
mechdef_phoenixhawk_PXH-1b,Mech,1,1
mechdef_phoenixhawk_PXH-2,Mech,1,1
mechdef_sentinel_STN-3L,Mech,1,1
mechdef_sentinel_STN-3Lb,Mech,1,1
mechdef_stinger_STG-3Gb,Mech,1,1
mechdef_talon_TLN-5V,Mech,1,1
mechdef_thorn_THE-N,Mech,1,1
mechdef_thorn_THE-Nb,Mech,1,1
mechdef_wyvern_WVE-5N,Mech,1,1
mechdef_wyvern_WVE-5Nb,Mech,1,1
