itemCollection_table_missionUnexpectedSignals_D8,,,
mechdef_battlemaster_BLR-1GB,Mech,1,1
mechdef_blackknight_BL-6-KNT,Mech,1,1
mechdef_blackknight_BL-6b-KNT,Mech,1,1
mechdef_crockett_CRK-5003-1,Mech,1,1
mechdef_crockett_CRK-5003-1b,Mech,1,1
mechdef_emperor_EMP-6A,Mech,1,1
mechdef_excalibur_EXC-B2,Mech,1,1
mechdef_excalibur_EXC-B2b,Mech,1,1
mechdef_flashman_FLS-8,Mech,1,1
mechdef_highlander_HGN-732,Mech,1,1
mechdef_highlander_HGN-732b,Mech,1,1
mechdef_kingcrab_KGC-000,Mech,1,1
mechdef_kingcrab_KGC-000b,Mech,1,1
mechdef_marauder_MAD-1R,Mech,1,1
mechdef_marauder_MAD-2R,Mech,1,1
mechdef_nightstar_NSR-9J,Mech,1,1
mechdef_orion_ON1-Kb,Mech,1,1
mechdef_pillager_PLG-3Z,Mech,1,1
mechdef_riflemanII_RFL-3N-2,Mech,1,1
mechdef_shootist_ST-8A,Mech,1,1
mechdef_stalker_STK-3Fb,Mech,1,1
mechdef_archer_ARC-2Rb,Mech,1,1
mechdef_thug_THG-11E,Mech,1,1
mechdef_thunderhawk_TDK-7X,Mech,1,1
mechdef_warhammer_WHM-6Rb,Mech,1,1
mechdef_warhammer_WHM-7A,Mech,1,1
mechdef_zeus_ZEU-5T,Mech,1,1
