{
  "Description": {
    "Cost": 7100000,
    "Rarity": 4,
    "Purchasable": true,
    "Manufacturer": "",
    "Model": "",
    "UIName": "Grasshopper GHR-TM",
    "Id": "chassisdef_grasshopper_GHR-5H_THESWARM",
    "Name": "Grasshopper TM",
    "Details": "Don't be fooled by its whimsical name—the Grasshopper is a killer that specializes in hunting down light and medium 'Mechs. Its superb jump ability and good armor allow it to get behind foes easily to bring its all-Energy weapons to bear.",
    "Icon": "uixTxrIcon_grasshopper"
  },
  "MovementCapDefID": "movedef_mech_heavy_4",
  "PathingCapDefID": "pathingdef_heavy",
  "HardpointDataDefID": "hardpointdatadef_grasshopper",
  "PrefabIdentifier": "chrPrfMech_grasshopperBase-001",
  "PrefabBase": "grasshopper",
  "Tonnage": 70,
  "InitialTonnage": 29,
  "weightClass": "HEAVY",
  "BattleValue": 7135000,
  "Heatsinks": 10,
  "TopSpeed": 120,
  "TurnRadius": 90,
  "MaxJumpjets": 4,
  "Stability": 160,
  "StabilityDefenses": [
    0,
    0,
    0,
    0,
    0,
    0
  ],
  "SpotterDistanceMultiplier": 1,
  "VisibilityMultiplier": 1,
  "SensorRangeMultiplier": 1,
  "Signature": 0,
  "Radius": 8,
  "PunchesWithLeftArm": false,
  "MeleeDamage": 90,
  "MeleeInstability": 70,
  "MeleeToHitModifier": 0,
  "DFADamage": 90,
  "DFAToHitModifier": 0,
  "DFASelfDamage": 90,
  "DFAInstability": 90,
  "Locations": [
    {
      "Location": "Head",
      "Hardpoints": [
        {
          "WeaponMount": "Missile",
          "Omni": false
        }
      ],
      "Tonnage": 0,
      "InventorySlots": 1,
      "MaxArmor": 45,
      "MaxRearArmor": -1,
      "InternalStructure": 16
    },
    {
      "Location": "LeftArm",
      "Hardpoints": [
        {
          "WeaponMount": "Energy",
          "Omni": false
        },
        {
          "WeaponMount": "AntiPersonnel",
          "Omni": false
        }
      ],
      "Tonnage": 0,
      "InventorySlots": 8,
      "MaxArmor": 110,
      "MaxRearArmor": -1,
      "InternalStructure": 55
    },
    {
      "Location": "LeftTorso",
      "Hardpoints": [
        {
          "WeaponMount": "Energy",
          "Omni": false
        },
        {
          "WeaponMount": "Energy",
          "Omni": false
        },
        {
          "WeaponMount": "AntiPersonnel",
          "Omni": false
        },
        {
          "WeaponMount": "AntiPersonnel",
          "Omni": false
        }
      ],
      "Tonnage": 0,
      "InventorySlots": 10,
      "MaxArmor": 150,
      "MaxRearArmor": 75,
      "InternalStructure": 75
    },
    {
      "Location": "CenterTorso",
      "Hardpoints": [
        {
          "WeaponMount": "Energy",
          "Omni": false
        }
      ],
      "Tonnage": 0,
      "InventorySlots": 4,
      "MaxArmor": 220,
      "MaxRearArmor": 110,
      "InternalStructure": 110
    },
    {
      "Location": "RightTorso",
      "Hardpoints": [
        {
          "WeaponMount": "Energy",
          "Omni": false
        },
        {
          "WeaponMount": "Energy",
          "Omni": false
        },
        {
          "WeaponMount": "AntiPersonnel",
          "Omni": false
        },
        {
          "WeaponMount": "AntiPersonnel",
          "Omni": false
        }
      ],
      "Tonnage": 0,
      "InventorySlots": 10,
      "MaxArmor": 150,
      "MaxRearArmor": 75,
      "InternalStructure": 75
    },
    {
      "Location": "RightArm",
      "Hardpoints": [
        {
          "WeaponMount": "Energy",
          "Omni": false
        },
        {
          "WeaponMount": "AntiPersonnel",
          "Omni": false
        }
      ],
      "Tonnage": 0,
      "InventorySlots": 8,
      "MaxArmor": 110,
      "MaxRearArmor": -1,
      "InternalStructure": 55
    },
    {
      "Location": "LeftLeg",
      "Hardpoints": [],
      "Tonnage": 0,
      "InventorySlots": 4,
      "MaxArmor": 150,
      "MaxRearArmor": -1,
      "InternalStructure": 75
    },
    {
      "Location": "RightLeg",
      "Hardpoints": [],
      "Tonnage": 0,
      "InventorySlots": 4,
      "MaxArmor": 150,
      "MaxRearArmor": -1,
      "InternalStructure": 75
    }
  ],
  "LOSSourcePositions": [
    {
      "x": 0,
      "y": 18,
      "z": 0
    },
    {
      "x": 4,
      "y": 17,
      "z": 0
    },
    {
      "x": -4,
      "y": 17,
      "z": 0
    }
  ],
  "LOSTargetPositions": [
    {
      "x": 0,
      "y": 18,
      "z": 0
    },
    {
      "x": 4,
      "y": 17,
      "z": 0
    },
    {
      "x": -4,
      "y": 17,
      "z": 0
    },
    {
      "x": 3,
      "y": 5,
      "z": 0
    },
    {
      "x": -3,
      "y": 5,
      "z": 0
    }
  ],
  "VariantName": "GHR-TM",
  "ChassisTags": {
    "items": [
      "chassis_DHS",
      "mech_quirk_rugged1"
    ],
    "tagSetSourceFile": ""
  },
  "StockRole": "Skirmisher",
  "YangsThoughts": "Don't be fooled by its whimsical name—the Grasshopper is a killer that specializes in hunting down light and medium 'Mechs. Its superb jump ability and good armor allow it to get behind foes easily to bring its all-Energy weapons to bear."
}