{
    "Name": "OpportunityMissions",
    "Enabled": true,

    "Version": "1.9.1-001R",
    "Description": "tbd",
    "Author": "Mad",
	
	"DLL": "OpportunityMissions.dll",
	
    "Manifest": [
    	{ "Type": "ChassisDef", "Path": "ChassisDefs" },
        { "Type": "SimGameEventDef", "Path": "SimGameEventDefs/" },
        { "Type": "ContractOverride", "Path": "ContractOverrides/" },
        { "Type": "TurretDef", "Path": "TurretDefs/" },
	{ "Type": "HeraldryDef", "Path": "Heraldry/" },
		{ "Type": "LanceDef", "Path": "LanceDefs/" },
        { "Type": "MechDef", "Path": "MechDefs/" },
		{ "Type": "PilotDef", "Path": "PilotDefs/" },
        { "Type": "ItemCollectionDef", "Path": "ItemCollectionDefs/" },
        {
            "Type": "AdvancedJSONMerge",
            "Path": "StarSystemDefsMerge/"
        },
        {
            "Type": "AdvancedJSONMerge",
            "Path": "MechDefsMerge/"
        }
    ]
}