{
  "MechTags": {
    "items": [
      "unit_mech",
      "unit_heavy",
      "unit_lance_assassin",
      "unit_role_brawler",
      "unit_release",
      "unit_range_medium",
      "unit_jumpOK",
      "unit_armor_high",
      "mech_MechPartSalvageRedirect_mechdef_grasshopper_GHR-5H",
      "BLACKLISTED"
    ],
    "tagSetSourceFile": ""
  },
  "ChassisID": "chassisdef_grasshopper_GHR-5H_THESWARM",
  "HeraldryID": null,
  "Description": {
    "Cost": 16710000,
    "Rarity": 8,
    "Purchasable": false,
    "Manufacturer": null,
    "Model": null,
    "UIName": "Grasshopper GHR-TM",
    "Id": "mechdef_grasshopper_GHR-5H_THESWARM",
    "Name": "Grasshopper TM",
    "Details": "Don't be fooled by its whimsical name—the Grasshopper is a killer that specializes in hunting down light and medium 'Mechs. Its superb jump ability and good armor allow it to get behind foes easily to bring its all-Energy weapons to bear.",
    "Icon": "uixTxrIcon_grasshopper"
  },
  "simGameMechPartCost": 1671000,
  "RequiredToSpawnCompanyTags": {
    "items": [],
    "tagSetSourceFile": ""
  },
  "MinAppearanceDate": null,
  "Version": 1,
  "Locations": [
    {
      "DamageLevel": "Functional",
      "Location": "Head",
      "CurrentArmor": 45,
      "CurrentRearArmor": 0,
      "CurrentInternalStructure": 16,
      "AssignedArmor": 45,
      "AssignedRearArmor": 0
    },
    {
      "DamageLevel": "Functional",
      "Location": "CenterTorso",
      "CurrentArmor": 160,
      "CurrentRearArmor": 65,
      "CurrentInternalStructure": 110,
      "AssignedArmor": 160,
      "AssignedRearArmor": 65
    },
    {
      "DamageLevel": "Functional",
      "Location": "LeftTorso",
      "CurrentArmor": 120,
      "CurrentRearArmor": 45,
      "CurrentInternalStructure": 75,
      "AssignedArmor": 120,
      "AssignedRearArmor": 45
    },
    {
      "DamageLevel": "Functional",
      "Location": "RightTorso",
      "CurrentArmor": 120,
      "CurrentRearArmor": 45,
      "CurrentInternalStructure": 75,
      "AssignedArmor": 120,
      "AssignedRearArmor": 45
    },
    {
      "DamageLevel": "Functional",
      "Location": "LeftArm",
      "CurrentArmor": 110,
      "CurrentRearArmor": 0,
      "CurrentInternalStructure": 55,
      "AssignedArmor": 110,
      "AssignedRearArmor": 0
    },
    {
      "DamageLevel": "Functional",
      "Location": "RightArm",
      "CurrentArmor": 110,
      "CurrentRearArmor": 0,
      "CurrentInternalStructure": 55,
      "AssignedArmor": 110,
      "AssignedRearArmor": 0
    },
    {
      "DamageLevel": "Functional",
      "Location": "LeftLeg",
      "CurrentArmor": 110,
      "CurrentRearArmor": 0,
      "CurrentInternalStructure": 75,
      "AssignedArmor": 110,
      "AssignedRearArmor": 0
    },
    {
      "DamageLevel": "Functional",
      "Location": "RightLeg",
      "CurrentArmor": 110,
      "CurrentRearArmor": 0,
      "CurrentInternalStructure": 75,
      "AssignedArmor": 110,
      "AssignedRearArmor": 0
    }
  ],
  "inventory": [
    {
      "MountedLocation": "CenterTorso",
      "ComponentDefID": "Weapon_Laser_MediumLaser_3-Diverse_Optics",
      "SimGameUID": null,
      "ComponentDefType": "Weapon",
      "HardpointSlot": 0,
      "GUID": null,
      "DamageLevel": "Functional",
      "prefabName": null,
      "hasPrefabName": false
    },
    {
      "MountedLocation": "RightLeg",
      "ComponentDefID": "Gear_JumpJet_Generic_Heavy",
      "SimGameUID": null,
      "ComponentDefType": "JumpJet",
      "HardpointSlot": -1,
      "GUID": null,
      "DamageLevel": "Functional",
      "prefabName": null,
      "hasPrefabName": false
    },
    {
      "MountedLocation": "LeftLeg",
      "ComponentDefID": "Gear_JumpJet_Generic_Heavy",
      "SimGameUID": null,
      "ComponentDefType": "JumpJet",
      "HardpointSlot": -1,
      "GUID": null,
      "DamageLevel": "Functional",
      "prefabName": null,
      "hasPrefabName": false
    },
    {
      "MountedLocation": "RightLeg",
      "ComponentDefID": "Gear_HeatSink_Generic_Double",
      "SimGameUID": null,
      "ComponentDefType": "HeatSink",
      "HardpointSlot": -1,
      "GUID": null,
      "DamageLevel": "Functional",
      "prefabName": null,
      "hasPrefabName": false
    },
    {
      "MountedLocation": "LeftLeg",
      "ComponentDefID": "Gear_HeatSink_Generic_Double",
      "SimGameUID": null,
      "ComponentDefType": "HeatSink",
      "HardpointSlot": -1,
      "GUID": null,
      "DamageLevel": "Functional",
      "prefabName": null,
      "hasPrefabName": false
    },
    {
      "MountedLocation": "CenterTorso",
      "ComponentDefID": "Gear_Gyro_Friedhof_Sparrow",
      "SimGameUID": null,
      "ComponentDefType": "Upgrade",
      "HardpointSlot": -1,
      "GUID": null,
      "DamageLevel": "Functional",
      "prefabName": null,
      "hasPrefabName": false
    },
    {
      "MountedLocation": "RightArm",
      "ComponentDefID": "Weapon_Laser_MediumLaser_2-Magna",
      "SimGameUID": null,
      "ComponentDefType": "Weapon",
      "HardpointSlot": 0,
      "GUID": null,
      "DamageLevel": "Functional",
      "prefabName": null,
      "hasPrefabName": false
    },
    {
      "MountedLocation": "RightArm",
      "ComponentDefID": "Weapon_Laser_SmallLaser_2-Diverse_Optics",
      "SimGameUID": null,
      "ComponentDefType": "Weapon",
      "HardpointSlot": 1,
      "GUID": null,
      "DamageLevel": "Functional",
      "prefabName": null,
      "hasPrefabName": false
    },
    {
      "MountedLocation": "RightArm",
      "ComponentDefID": "Gear_HeatSink_Generic_Double",
      "SimGameUID": null,
      "ComponentDefType": "HeatSink",
      "HardpointSlot": -1,
      "GUID": null,
      "DamageLevel": "Functional",
      "prefabName": null,
      "hasPrefabName": false
    },
    {
      "MountedLocation": "RightTorso",
      "ComponentDefID": "Weapon_Laser_MediumLaser_2-Magna",
      "SimGameUID": null,
      "ComponentDefType": "Weapon",
      "HardpointSlot": 0,
      "GUID": null,
      "DamageLevel": "Functional",
      "prefabName": null,
      "hasPrefabName": false
    },
    {
      "MountedLocation": "RightTorso",
      "ComponentDefID": "Weapon_Laser_MediumLaser_2-Magna",
      "SimGameUID": null,
      "ComponentDefType": "Weapon",
      "HardpointSlot": 1,
      "GUID": null,
      "DamageLevel": "Functional",
      "prefabName": null,
      "hasPrefabName": false
    },
    {
      "MountedLocation": "RightTorso",
      "ComponentDefID": "Weapon_Laser_SmallLaser_2-Diverse_Optics",
      "SimGameUID": null,
      "ComponentDefType": "Weapon",
      "HardpointSlot": 2,
      "GUID": null,
      "DamageLevel": "Functional",
      "prefabName": null,
      "hasPrefabName": false
    },
    {
      "MountedLocation": "RightTorso",
      "ComponentDefID": "Weapon_Laser_SmallLaser_2-Diverse_Optics",
      "SimGameUID": null,
      "ComponentDefType": "Weapon",
      "HardpointSlot": 3,
      "GUID": null,
      "DamageLevel": "Functional",
      "prefabName": null,
      "hasPrefabName": false
    },
    {
      "MountedLocation": "RightTorso",
      "ComponentDefID": "Gear_HeatSink_Generic_Double",
      "SimGameUID": null,
      "ComponentDefType": "HeatSink",
      "HardpointSlot": -1,
      "GUID": null,
      "DamageLevel": "Functional",
      "prefabName": null,
      "hasPrefabName": false
    },
    {
      "MountedLocation": "RightTorso",
      "ComponentDefID": "Gear_HeatSink_Generic_Thermal-Exchanger-III",
      "SimGameUID": null,
      "ComponentDefType": "HeatSink",
      "HardpointSlot": -1,
      "GUID": null,
      "DamageLevel": "Functional",
      "prefabName": null,
      "hasPrefabName": false
    },
    {
      "MountedLocation": "RightTorso",
      "ComponentDefID": "Gear_JumpJet_Generic_Heavy",
      "SimGameUID": null,
      "ComponentDefType": "JumpJet",
      "HardpointSlot": -1,
      "GUID": null,
      "DamageLevel": "Functional",
      "prefabName": null,
      "hasPrefabName": false
    },
    {
      "MountedLocation": "LeftTorso",
      "ComponentDefID": "Weapon_Laser_MediumLaser_2-Magna",
      "SimGameUID": null,
      "ComponentDefType": "Weapon",
      "HardpointSlot": 0,
      "GUID": null,
      "DamageLevel": "Functional",
      "prefabName": null,
      "hasPrefabName": false
    },
    {
      "MountedLocation": "LeftTorso",
      "ComponentDefID": "Weapon_Laser_MediumLaser_2-Magna",
      "SimGameUID": null,
      "ComponentDefType": "Weapon",
      "HardpointSlot": 1,
      "GUID": null,
      "DamageLevel": "Functional",
      "prefabName": null,
      "hasPrefabName": false
    },
    {
      "MountedLocation": "LeftTorso",
      "ComponentDefID": "Weapon_Laser_SmallLaser_2-Diverse_Optics",
      "SimGameUID": null,
      "ComponentDefType": "Weapon",
      "HardpointSlot": 2,
      "GUID": null,
      "DamageLevel": "Functional",
      "prefabName": null,
      "hasPrefabName": false
    },
    {
      "MountedLocation": "LeftTorso",
      "ComponentDefID": "Weapon_Laser_SmallLaser_2-Diverse_Optics",
      "SimGameUID": null,
      "ComponentDefType": "Weapon",
      "HardpointSlot": 3,
      "GUID": null,
      "DamageLevel": "Functional",
      "prefabName": null,
      "hasPrefabName": false
    },
    {
      "MountedLocation": "LeftTorso",
      "ComponentDefID": "Gear_HeatSink_Generic_Double",
      "SimGameUID": null,
      "ComponentDefType": "HeatSink",
      "HardpointSlot": -1,
      "GUID": null,
      "DamageLevel": "Functional",
      "prefabName": null,
      "hasPrefabName": false
    },
    {
      "MountedLocation": "LeftTorso",
      "ComponentDefID": "Gear_HeatSink_Generic_Thermal-Exchanger-III",
      "SimGameUID": null,
      "ComponentDefType": "HeatSink",
      "HardpointSlot": -1,
      "GUID": null,
      "DamageLevel": "Functional",
      "prefabName": null,
      "hasPrefabName": false
    },
    {
      "MountedLocation": "LeftTorso",
      "ComponentDefID": "Gear_JumpJet_Generic_Heavy",
      "SimGameUID": null,
      "ComponentDefType": "JumpJet",
      "HardpointSlot": -1,
      "GUID": null,
      "DamageLevel": "Functional",
      "prefabName": null,
      "hasPrefabName": false
    },
    {
      "MountedLocation": "LeftArm",
      "ComponentDefID": "Weapon_Laser_MediumLaser_2-Magna",
      "SimGameUID": null,
      "ComponentDefType": "Weapon",
      "HardpointSlot": 0,
      "GUID": null,
      "DamageLevel": "Functional",
      "prefabName": null,
      "hasPrefabName": false
    },
    {
      "MountedLocation": "LeftArm",
      "ComponentDefID": "Weapon_Laser_SmallLaser_2-Diverse_Optics",
      "SimGameUID": null,
      "ComponentDefType": "Weapon",
      "HardpointSlot": 1,
      "GUID": null,
      "DamageLevel": "Functional",
      "prefabName": null,
      "hasPrefabName": false
    },
    {
      "MountedLocation": "LeftArm",
      "ComponentDefID": "Gear_HeatSink_Generic_Double",
      "SimGameUID": null,
      "ComponentDefType": "HeatSink",
      "HardpointSlot": -1,
      "GUID": null,
      "DamageLevel": "Functional",
      "prefabName": null,
      "hasPrefabName": false
    }
  ]
}