{
    "Description": {
        "Id": "pilot_sldf_turret",
        "Name": "Turret AI",
        "FirstName": "AI",
        "LastName": "NONE",
        "Callsign": "AI",
        "Gender": "Female",
        "factionID": "Davion",
        "Age": 30,
        "Details": "NONE",
        "Icon": "Wildfire"
    },
    "BaseGunnery": "10",
    "BonusGunnery": 0,
    "BasePiloting": "10",
    "BonusPiloting": 0,
    "BaseGuts": "10",
    "BonusGuts": 0,
    "BaseTactics": "10",
    "BonusTactics": 0,
    "ExperienceUnspent": 0,
    "ExperienceSpent": 0,
    "Injuries": 0,
    "Health": 3,
    "LethalInjury": false,
    "Incapacitated": false,
    "Morale": 0,
    "Voice": "f_overload01",
    "abilityDefNames": [
    	"AbilityDefG5",
		"AbilityDefG8",
		"AbilityDefT5A"
	],
    "AIPersonality": "Undefined",
    "PilotTags": {
        "items": [
            "pilot_turret_sldf"
        ],
        "tagSetSourceFile": ""
    },
    "PilotCost": 0
}