{
    "Description": {
        "Id": "pilot_sldf_mech",
        "Name": "Elite Scavenger",
        "FirstName": "Elite Scavenger",
        "LastName": "NONE",
        "Callsign": "Elite Scavenger",
        "Gender": "Female",
        "Faction": "Davion",
        "Age": 30,
        "Details": "NONE",
        "Icon": "Wildfire"
    },
    "BaseGunnery": "10",
    "BonusGunnery": 0,
    "BasePiloting": "10",
    "BonusPiloting": 0,
    "BaseGuts": "10",
    "BonusGuts": 0,
    "BaseTactics": "10",
    "BonusTactics": 0,
    "ExperienceUnspent": 0,
    "ExperienceSpent": 0,
    "Injuries": 0,
    "Health": 3,
    "LethalInjury": false,
    "Incapacitated": false,
    "Morale": 0,
    "Voice": "f_overload01",
    "abilityDefNames": [
        "AbilityDefG5",
        "AbilityDefG8",
        "AbilityDefGu5",
		"TraitDefCalledShotImprove",
		"TraitDefCalledShotMaster",
		"TraitDefEvasiveChargeAddOne",
		"TraitDefEvasiveChargeAddTwo",
		"TraitDefHealthAddOne",
        "TraitDefHealthAddTwo",
		"TraitDefHealthAddThree",
		"TraitDefIndirectReduceOne",
		"TraitDefIndirectReduceTwo",
		"TraitDefIndirectReduceThree",
		"TraitDefMinRangeReduce45",
		"TraitDefMinRangeReduce90",
		"TraitDefOverheatAddFifteen",
		"TraitDefOverheatAddThirty",
		"TraitDefRefireReduceOne",
		"TraitDefRefireReduceTwo",
		"TraitDefSprintIncrease10",
		"TraitDefSprintIncrease20",
		"TraitDefUnsteadySet60",
		"TraitDefUnsteadySet80"
    ],
    "AIPersonality": "Undefined",
    "PilotTags": {
        "items": [
            "pilot_sldf_mech",
            "BLACKLISTED"
        ],
        "tagSetSourceFile": ""
    },
    "PilotCost": 0
}