{
    "Description": {
        "Id": "pilot_swarm_flanker",
        "Name": "Swarm Flanker",
        "FirstName": "Swarm Flanker",
        "LastName": "NONE",
        "Callsign": "Swarm Flanker",
        "Gender": "Female",
        "factionID": "Davion",
        "Age": 30,
        "Details": "NONE",
        "Icon": "Wildfire"
    },
    "BaseGunnery": "10",
    "BonusGunnery": 0,
    "BasePiloting": "10",
    "BonusPiloting": 0,
    "BaseGuts": "6",
    "BonusGuts": 0,
    "BaseTactics": "6",
    "BonusTactics": 0,
    "ExperienceUnspent": 0,
    "ExperienceSpent": 0,
    "Injuries": 0,
    "Health": 3,
    "LethalInjury": false,
    "Incapacitated": false,
    "Morale": 0,
    "Voice": "f_overload01",
    "abilityDefNames": [
		"TraitDefUnsteadySet60",
		"TraitDefEvasiveChargeAddOne",
		"TraitDefSprintIncrease20",
		"TraitDefUnsteadySet80",
		"TraitDefEvasiveChargeAddTwo",
		"TraitDefIndirectReduceOne",
		"TraitDefMinRangeReduce45",
		"TraitDefCalledShotImprove",
		"TraitDefHealthAddOne",
		"TraitDefRefireReduceOne",
		"TraitDefOverheatAddFifteen",
		"AbilityDefP5",
		"AbilityDefP8",
		"AbilityDefG5"
    ],
    "AIPersonality": "Undefined",
    "PilotTags": {
        "items": [
            "pilot_swarm_flanker"
        ],
        "tagSetSourceFile": ""
    },
    "PilotCost": 0
}