{
    "Description": {
        "Id": "pilot_swarm_scout",
        "Name": "Swarm Scout",
        "FirstName": "Swarm Scout",
        "LastName": "NONE",
        "Callsign": "Swarm Scout",
        "Gender": "Female",
        "factionID": "Davion",
        "Age": 30,
        "Details": "NONE",
        "Icon": "Wildfire"
    },
    "BaseGunnery": "10",
    "BonusGunnery": 0,
    "BasePiloting": "6",
    "BonusPiloting": 0,
    "BaseGuts": "6",
    "BonusGuts": 0,
    "BaseTactics": "10",
    "BonusTactics": 0,
    "ExperienceUnspent": 0,
    "ExperienceSpent": 0,
    "Injuries": 0,
    "Health": 3,
    "LethalInjury": false,
    "Incapacitated": false,
    "Morale": 0,
    "Voice": "f_overload01",
    "abilityDefNames": [
		"TraitDefUnsteadySet60",
		"TraitDefEvasiveChargeAddOne",
		"TraitDefIndirectReduceOne",
		"TraitDefMinRangeReduce45",
		"TraitDefCalledShotImprove",
		"TraitDefIndirectReduceTwo",
		"TraitDefMinRangeReduce90",
		"TraitDefCalledShotMaster",
		"TraitDefIndirectReduceThree",
		"TraitDefHealthAddOne",
		"TraitDefRefireReduceOne",
		"TraitDefOverheatAddFifteen",
		"AbilityDefT5A",
		"AbilityDefT8A",
		"AbilityDefP5"
    ],
    "AIPersonality": "Undefined",
    "PilotTags": {
        "items": [
            "pilot_swarm_scout"
        ],
        "tagSetSourceFile": ""
    },
    "PilotCost": 0
}