﻿{
    "Name": "BtShowXp",
    "Version": "1.3.2.0-BEX",
    "Description": "Displays the pilot's XP on the Pilot placard.'",
    "Author": "NBK_RedSpy",
    "Website": "https://github.com/NBKRedSpy/BtShowXp",

    "Enabled": true,

    "DLL": "BtShowXp.dll",
    "DependsOn": [ "BT_Extended_CE" ],
    "OptionallyDependsOn": ["SoftExperienceCap" ],
    "Settings": {
        "ShowPilotXp": true,
        "ShowPilotXpCorruption": true,
        "ShowPilotXpMinDifficulty": true,

        "ShowPilotXpMinDifficultyWorkAround": false,
        "UseBexXpCapFix": false,

        "DebugOutput": false,
        "DebugOutputPilots": false,

        "XpPercentageDisplay": "BasedOnPatchStatus",

        "XpCapPercentageColors": {
            "Delta25": "#FF4242",
            "Delta50": "#F59338",
            "Delta75": "#FFDA38",
            "Delta100": "#4CFF00"
        },

        "DifficultyColors": [
            "#4CFF00",
            "#FFDA38",
            "#FF4242",
            "#8EC6FF",
            "#D582E0"
        ]
    }

}
