{
   "Version" : 1,
   "Description" : {
      "Id" : "turretdef_sldf_Light_Laser",
      "Name" : "Light Laser Turret",
      "Details" : "",
      "Icon" : "",
      "Cost" : 23,
      "Rarity" : 0,
      "Purchasable" : false
   },
   "ChassisID" : "turretchassisdef_Light_laser",
   "TurretTags": {
      "items": [
         "unit_sldf_turret",
         "unit_sldf_light",
		 "unit_sldf"        
      ],
      "tagSetSourceFile": ""
   },
   "CurrentArmor" : 120,
   "CurrentInternalStructure" : 1,
   "AssignedArmor" : 120,
   "DamageLevel" : "Functional",
   "inventory" : [
     {
      "ComponentDefID": "Weapon_Laser_MediumLaserPulse_0-STOCK",
      "ComponentDefType": "Weapon",
      "HardpointSlot": 0,
	  "DamageLevel" : "Functional"
    },
    {
      "ComponentDefID": "Weapon_Laser_MediumLaserPulse_0-STOCK",
      "ComponentDefType": "Weapon",
      "HardpointSlot": 1,
	  "DamageLevel" : "Functional"
    },
    {
      "ComponentDefID": "Weapon_MachineGun_MachineGun_2-VMI",
      "ComponentDefType": "Weapon",
      "HardpointSlot": 2,
	  "DamageLevel" : "Functional"
    }, 
    {
      "ComponentDefID": "Weapon_MachineGun_MachineGun_2-VMI",
      "ComponentDefType": "Weapon",
      "HardpointSlot": 3,
	  "DamageLevel" : "Functional"
    }, 	
    {
      "ComponentDefID": "Ammo_AmmunitionBox_Generic_MG",
      "ComponentDefType": "AmmunitionBox",
      "HardpointSlot": -1,
	  "DamageLevel" : "Functional"
    } 
   ]
}
