{
   "Version" : 1,
   "Description" : {
      "Id" : "turretdef_sldf_Heavy_Laser",
      "Name" : "Heavy Laser Turret",
      "Details" : "",
      "Icon" : "",
      "Cost" : 234269,
      "Rarity" : 0,
      "Purchasable" : false
   },
   "ChassisID" : "turretchassisdef_Heavy_laser",
   "TurretTags": {
      "items": [
         "unit_sldf_turret",
         "unit_sldf_heavy",
		 "unit_sldf"        
      ],
      "tagSetSourceFile": ""
   },
   "CurrentArmor" : 300,
   "CurrentInternalStructure" : 1,
   "AssignedArmor" : 300,
   "DamageLevel" : "Functional",
   "inventory" : [
    {
      "ComponentDefID": "Weapon_Laser_MediumLaserPulse_0-STOCK",
      "ComponentDefType": "Weapon",
      "HardpointSlot": 0,
	  "DamageLevel" : "Functional"
    },
    {
      "ComponentDefID": "Weapon_Laser_MediumLaserPulse_0-STOCK",
      "ComponentDefType": "Weapon",
      "HardpointSlot": 1,
	  "DamageLevel" : "Functional"
    },
    {
      "ComponentDefID": "Weapon_Laser_MediumLaserPulse_0-STOCK",
      "ComponentDefType": "Weapon",
      "HardpointSlot": 2,
	  "DamageLevel" : "Functional"
    },
    {
      "ComponentDefID": "Weapon_Laser_MediumLaserPulse_0-STOCK",
      "ComponentDefType": "Weapon",
      "HardpointSlot": 3,
	  "DamageLevel" : "Functional"
    },
    {
      "ComponentDefID": "Weapon_Laser_LargeLaserPulse_0-STOCK",
      "ComponentDefType": "Weapon",
      "HardpointSlot": 4,
	  "DamageLevel" : "Functional"
    },
    {
      "ComponentDefID": "Weapon_Laser_LargeLaserPulse_0-STOCK",
      "ComponentDefType": "Weapon",
      "HardpointSlot": 5,
	  "DamageLevel" : "Functional"
    },
    {
      "ComponentDefID": "Weapon_MachineGun_MachineGun_2-VMI",
      "ComponentDefType": "Weapon",
      "HardpointSlot": 6,
	  "DamageLevel" : "Functional"
    }, 
    {
      "ComponentDefID": "Weapon_MachineGun_MachineGun_2-VMI",
      "ComponentDefType": "Weapon",
      "HardpointSlot": 7,
	  "DamageLevel" : "Functional"
    }, 	
    {
      "ComponentDefID": "Ammo_AmmunitionBox_Generic_MG",
      "ComponentDefType": "AmmunitionBox",
      "HardpointSlot": -1,
	  "DamageLevel" : "Functional"
    }
   ]
}
