{
   "Version" : 1,
   "Description" : {
      "Id" : "turretdef_sldf_Standard_Shredder",
      "Name" : "Standard Shredder Turret",
      "Details" : "",
      "Icon" : "",
      "Cost" : 2342,
      "Rarity" : 0,
      "Purchasable" : false
   },
   "ChassisID" : "turretchassisdef_Standard_shredder",
   "TurretTags": {
      "items": [
         "unit_sldf_turret",
         "unit_sldf_medium",
		 "unit_sldf"        
      ],
      "tagSetSourceFile": ""
   },
   "CurrentArmor" : 200,
   "CurrentInternalStructure" : 1,
   "AssignedArmor" : 200,
   "DamageLevel" : "Functional",
   "inventory" : [
    {
      "ComponentDefID": "Weapon_Autocannon_LB20X_0-STOCK",
      "ComponentDefType": "Weapon",
      "HardpointSlot": 0,
	  "DamageLevel" : "Functional"
    },
    {
      "ComponentDefID": "Weapon_Inferno_Inferno2_0-STOCK",
      "ComponentDefType": "Weapon",
      "HardpointSlot": 1,
	  "DamageLevel" : "Functional"
    },
    {
      "ComponentDefID": "Weapon_Inferno_Inferno2_0-STOCK",
      "ComponentDefType": "Weapon",
      "HardpointSlot": 2,
	  "DamageLevel" : "Functional"
    },
    {
      "ComponentDefID": "Weapon_Laser_SmallLaserPulse_0-STOCK",
      "ComponentDefType": "Weapon",
      "HardpointSlot": 3,
	  "DamageLevel" : "Functional"
    }, 
    {
      "ComponentDefID": "Weapon_Laser_SmallLaserPulse_0-STOCK",
      "ComponentDefType": "Weapon",
      "HardpointSlot": 4,
	  "DamageLevel" : "Functional"
    },
	{
      "ComponentDefID": "Weapon_Laser_SmallLaserPulse_0-STOCK",
      "ComponentDefType": "Weapon",
      "HardpointSlot": 5,
	  "DamageLevel" : "Functional"
    }, 	
    {
      "ComponentDefID": "Ammo_AmmunitionBox_Generic_SRMInferno",
      "ComponentDefType": "AmmunitionBox",
      "HardpointSlot": -1,
	  "DamageLevel" : "Functional"
    },
	{
      "ComponentDefID": "Ammo_AmmunitionBox_Generic_LB20X",
      "ComponentDefType": "AmmunitionBox",
      "HardpointSlot": -1,
	  "DamageLevel" : "Functional"
    },
	{
      "ComponentDefID": "Ammo_AmmunitionBox_Generic_LB20X",
      "ComponentDefType": "AmmunitionBox",
      "HardpointSlot": -1,
	  "DamageLevel" : "Functional"
    } 
   ]
}
